{
  "1": {
    "train_acc": 0.411275,
    "val_acc": 0.5484,
    "epoch_time_s": 113.60978659199998
  },
  "2": {
    "train_acc": 0.53725,
    "val_acc": 0.6178,
    "epoch_time_s": 112.15987428800008
  },
  "3": {
    "train_acc": 0.586575,
    "val_acc": 0.6484,
    "epoch_time_s": 112.28830549300005
  },
  "4": {
    "train_acc": 0.612725,
    "val_acc": 0.6762,
    "epoch_time_s": 113.12183902599998
  },
  "5": {
    "train_acc": 0.635475,
    "val_acc": 0.6898,
    "epoch_time_s": 115.09916904699992
  },
  "6": {
    "train_acc": 0.651,
    "val_acc": 0.6926,
    "epoch_time_s": 117.40460738899992
  },
  "7": {
    "train_acc": 0.6636,
    "val_acc": 0.727,
    "epoch_time_s": 118.1437987679999
  },
  "8": {
    "train_acc": 0.67385,
    "val_acc": 0.7238,
    "epoch_time_s": 120.18855592299997
  },
  "9": {
    "train_acc": 0.681225,
    "val_acc": 0.7316,
    "epoch_time_s": 111.88897090700016
  },
  "10": {
    "train_acc": 0.686625,
    "val_acc": 0.7322,
    "epoch_time_s": 113.64833368400014
  },
  "11": {
    "train_acc": 0.6978,
    "val_acc": 0.739,
    "epoch_time_s": 114.22689944900003
  },
  "12": {
    "train_acc": 0.7047,
    "val_acc": 0.7572,
    "epoch_time_s": 114.47056118899991
  },
  "13": {
    "train_acc": 0.709475,
    "val_acc": 0.7416,
    "epoch_time_s": 114.41262370499999
  },
  "14": {
    "train_acc": 0.71665,
    "val_acc": 0.7628,
    "epoch_time_s": 112.5118559089999
  },
  "15": {
    "train_acc": 0.722225,
    "val_acc": 0.77,
    "epoch_time_s": 112.05560724399993
  },
  "16": {
    "train_acc": 0.7211,
    "val_acc": 0.76,
    "epoch_time_s": 112.19660731499971
  },
  "17": {
    "train_acc": 0.727075,
    "val_acc": 0.764,
    "epoch_time_s": 112.67265706999979
  },
  "18": {
    "train_acc": 0.72885,
    "val_acc": 0.7744,
    "epoch_time_s": 112.02829511999971
  },
  "19": {
    "train_acc": 0.7347,
    "val_acc": 0.7676,
    "epoch_time_s": 112.73725868500014
  },
  "20": {
    "train_acc": 0.73895,
    "val_acc": 0.7806,
    "epoch_time_s": 113.07215707799969
  },
  "21": {
    "train_acc": 0.73945,
    "val_acc": 0.7718,
    "epoch_time_s": 113.2177176250002
  },
  "22": {
    "train_acc": 0.745625,
    "val_acc": 0.7808,
    "epoch_time_s": 113.78609514200025
  },
  "23": {
    "train_acc": 0.7449,
    "val_acc": 0.7932,
    "epoch_time_s": 114.32696559799979
  },
  "24": {
    "train_acc": 0.751,
    "val_acc": 0.7872,
    "epoch_time_s": 114.00261049500023
  },
  "25": {
    "train_acc": 0.75245,
    "val_acc": 0.7882,
    "epoch_time_s": 113.39559376699981
  },
  "26": {
    "train_acc": 0.755475,
    "val_acc": 0.7884,
    "epoch_time_s": 114.4320098510002
  },
  "27": {
    "train_acc": 0.75925,
    "val_acc": 0.781,
    "epoch_time_s": 114.19431181900018
  },
  "28": {
    "train_acc": 0.758275,
    "val_acc": 0.7932,
    "epoch_time_s": 115.5571341750001
  },
  "29": {
    "train_acc": 0.7622,
    "val_acc": 0.794,
    "epoch_time_s": 114.60743650199993
  },
  "30": {
    "train_acc": 0.760525,
    "val_acc": 0.7954,
    "epoch_time_s": 114.03641801499998
  },
  "31": {
    "train_acc": 0.763975,
    "val_acc": 0.7882,
    "epoch_time_s": 115.17100578400004
  },
  "32": {
    "train_acc": 0.765975,
    "val_acc": 0.7974,
    "epoch_time_s": 114.47320135500013
  },
  "33": {
    "train_acc": 0.767325,
    "val_acc": 0.7944,
    "epoch_time_s": 114.73821511200003
  },
  "34": {
    "train_acc": 0.76955,
    "val_acc": 0.7996,
    "epoch_time_s": 114.51542916500057
  },
  "35": {
    "train_acc": 0.7701,
    "val_acc": 0.798,
    "epoch_time_s": 114.15871520699966
  },
  "36": {
    "train_acc": 0.771675,
    "val_acc": 0.8008,
    "epoch_time_s": 114.24091251400023
  },
  "37": {
    "train_acc": 0.774675,
    "val_acc": 0.7962,
    "epoch_time_s": 115.45767017000071
  },
  "38": {
    "train_acc": 0.7766,
    "val_acc": 0.808,
    "epoch_time_s": 114.62846900600016
  },
  "39": {
    "train_acc": 0.7769,
    "val_acc": 0.803,
    "epoch_time_s": 115.19726275299945
  },
  "40": {
    "train_acc": 0.7782,
    "val_acc": 0.808,
    "epoch_time_s": 114.54908151600011
  },
  "41": {
    "train_acc": 0.782925,
    "val_acc": 0.799,
    "epoch_time_s": 114.65486947499994
  },
  "42": {
    "train_acc": 0.7837,
    "val_acc": 0.808,
    "epoch_time_s": 114.80494110000018
  },
  "43": {
    "train_acc": 0.7835,
    "val_acc": 0.8032,
    "epoch_time_s": 115.29991326799973
  },
  "44": {
    "train_acc": 0.7833,
    "val_acc": 0.809,
    "epoch_time_s": 118.88748979399952
  },
  "45": {
    "train_acc": 0.7875,
    "val_acc": 0.8046,
    "epoch_time_s": 120.90672249900035
  },
  "46": {
    "train_acc": 0.78785,
    "val_acc": 0.8134,
    "epoch_time_s": 116.35511814999973
  },
  "47": {
    "train_acc": 0.785225,
    "val_acc": 0.8166,
    "epoch_time_s": 114.06265212000017
  },
  "48": {
    "train_acc": 0.786825,
    "val_acc": 0.8112,
    "epoch_time_s": 113.85552840199944
  },
  "49": {
    "train_acc": 0.7901,
    "val_acc": 0.8066,
    "epoch_time_s": 114.85228932499922
  },
  "50": {
    "train_acc": 0.791275,
    "val_acc": 0.8086,
    "epoch_time_s": 114.45643847799965
  }
}