{
  "1": {
    "train_acc": 0.2784,
    "val_acc": 0.3492,
    "epoch_time_s": 80.41762471099992
  },
  "2": {
    "train_acc": 0.3369,
    "val_acc": 0.3692,
    "epoch_time_s": 79.81315386000006
  },
  "3": {
    "train_acc": 0.3541,
    "val_acc": 0.3876,
    "epoch_time_s": 79.97260605300016
  },
  "4": {
    "train_acc": 0.370375,
    "val_acc": 0.4028,
    "epoch_time_s": 82.73611668499962
  },
  "5": {
    "train_acc": 0.3822,
    "val_acc": 0.4256,
    "epoch_time_s": 85.73922262300039
  },
  "6": {
    "train_acc": 0.3932,
    "val_acc": 0.428,
    "epoch_time_s": 85.00047421899944
  },
  "7": {
    "train_acc": 0.392425,
    "val_acc": 0.4312,
    "epoch_time_s": 82.43016200500006
  },
  "8": {
    "train_acc": 0.404525,
    "val_acc": 0.4438,
    "epoch_time_s": 81.57059172399931
  },
  "9": {
    "train_acc": 0.40665,
    "val_acc": 0.442,
    "epoch_time_s": 80.70231785800024
  },
  "10": {
    "train_acc": 0.410725,
    "val_acc": 0.4434,
    "epoch_time_s": 80.87962042800064
  },
  "11": {
    "train_acc": 0.416825,
    "val_acc": 0.4518,
    "epoch_time_s": 81.02102742199986
  },
  "12": {
    "train_acc": 0.4166,
    "val_acc": 0.4482,
    "epoch_time_s": 81.06922904700059
  },
  "13": {
    "train_acc": 0.418525,
    "val_acc": 0.4434,
    "epoch_time_s": 83.61535423600071
  },
  "14": {
    "train_acc": 0.42145,
    "val_acc": 0.4634,
    "epoch_time_s": 83.3299156739995
  },
  "15": {
    "train_acc": 0.425025,
    "val_acc": 0.4558,
    "epoch_time_s": 85.67722265700013
  },
  "16": {
    "train_acc": 0.42575,
    "val_acc": 0.4752,
    "epoch_time_s": 84.63375758599977
  },
  "17": {
    "train_acc": 0.42885,
    "val_acc": 0.4606,
    "epoch_time_s": 82.66975609700057
  },
  "18": {
    "train_acc": 0.432875,
    "val_acc": 0.4692,
    "epoch_time_s": 81.25765641099952
  },
  "19": {
    "train_acc": 0.4292,
    "val_acc": 0.4702,
    "epoch_time_s": 81.31865300299978
  },
  "20": {
    "train_acc": 0.436975,
    "val_acc": 0.4734,
    "epoch_time_s": 82.3469481940001
  },
  "21": {
    "train_acc": 0.435975,
    "val_acc": 0.4694,
    "epoch_time_s": 83.30119123799977
  },
  "22": {
    "train_acc": 0.4364,
    "val_acc": 0.471,
    "epoch_time_s": 85.3021210070001
  },
  "23": {
    "train_acc": 0.440175,
    "val_acc": 0.4748,
    "epoch_time_s": 82.87654800899963
  },
  "24": {
    "train_acc": 0.44235,
    "val_acc": 0.4652,
    "epoch_time_s": 81.20983864600021
  },
  "25": {
    "train_acc": 0.447825,
    "val_acc": 0.4806,
    "epoch_time_s": 80.99627220799994
  },
  "26": {
    "train_acc": 0.445675,
    "val_acc": 0.4906,
    "epoch_time_s": 81.10951399900114
  },
  "27": {
    "train_acc": 0.442975,
    "val_acc": 0.4826,
    "epoch_time_s": 85.93578852200153
  },
  "28": {
    "train_acc": 0.44625,
    "val_acc": 0.4792,
    "epoch_time_s": 86.24566713999957
  },
  "29": {
    "train_acc": 0.444975,
    "val_acc": 0.477,
    "epoch_time_s": 83.63690035000036
  },
  "30": {
    "train_acc": 0.4491,
    "val_acc": 0.4694,
    "epoch_time_s": 84.00712601000123
  },
  "31": {
    "train_acc": 0.452925,
    "val_acc": 0.4906,
    "epoch_time_s": 85.2590004220001
  },
  "32": {
    "train_acc": 0.4481,
    "val_acc": 0.4812,
    "epoch_time_s": 80.95788701499987
  },
  "33": {
    "train_acc": 0.447125,
    "val_acc": 0.4844,
    "epoch_time_s": 80.8730448510014
  },
  "34": {
    "train_acc": 0.45305,
    "val_acc": 0.4842,
    "epoch_time_s": 80.97932316600054
  },
  "35": {
    "train_acc": 0.453475,
    "val_acc": 0.4872,
    "epoch_time_s": 80.94523563700022
  },
  "36": {
    "train_acc": 0.45275,
    "val_acc": 0.4854,
    "epoch_time_s": 80.85553867199997
  },
  "37": {
    "train_acc": 0.457,
    "val_acc": 0.4902,
    "epoch_time_s": 81.04520771100033
  },
  "38": {
    "train_acc": 0.45345,
    "val_acc": 0.4898,
    "epoch_time_s": 81.3520513600015
  },
  "39": {
    "train_acc": 0.45505,
    "val_acc": 0.4884,
    "epoch_time_s": 80.65107118500055
  },
  "40": {
    "train_acc": 0.456125,
    "val_acc": 0.4914,
    "epoch_time_s": 81.06324821599992
  },
  "41": {
    "train_acc": 0.45955,
    "val_acc": 0.4886,
    "epoch_time_s": 81.22610816900124
  },
  "42": {
    "train_acc": 0.458575,
    "val_acc": 0.4974,
    "epoch_time_s": 81.12180535200059
  },
  "43": {
    "train_acc": 0.45725,
    "val_acc": 0.4862,
    "epoch_time_s": 81.1024899719996
  },
  "44": {
    "train_acc": 0.4596,
    "val_acc": 0.5022,
    "epoch_time_s": 80.78938156799995
  },
  "45": {
    "train_acc": 0.459975,
    "val_acc": 0.4896,
    "epoch_time_s": 80.91043352300039
  },
  "46": {
    "train_acc": 0.46,
    "val_acc": 0.4844,
    "epoch_time_s": 80.97740187599993
  },
  "47": {
    "train_acc": 0.46315,
    "val_acc": 0.495,
    "epoch_time_s": 81.02040017599938
  },
  "48": {
    "train_acc": 0.46055,
    "val_acc": 0.5028,
    "epoch_time_s": 80.86471614599941
  },
  "49": {
    "train_acc": 0.4616,
    "val_acc": 0.4976,
    "epoch_time_s": 80.71834122899963
  },
  "50": {
    "train_acc": 0.461925,
    "val_acc": 0.4896,
    "epoch_time_s": 82.19226048699966
  }
}